cxCustomerBuId,cxCustomerBuName,cxCustomerId,countOfPortalLoginsOnADate,dateOfLastLogin,ampguid,cxCustomerName,Id
838757.000000,AUTOLIV INC SE,642241.000000,2.000000,2020-04-03T00:00:00.000+0000,eu-6061,AUTOLIV INC,0.000000
838757.000000,AUTOLIV INC SE,642241.000000,1.000000,2020-10-11T16:23:25.000+0000,eu-6061,AUTOLIV INC,1.000000
838757.000000,AUTOLIV INC SE,642241.000000,1.000000,2020-09-18T16:29:02.000+0000,eu-6061,AUTOLIV INC,2.000000
838757.000000,AUTOLIV INC SE,642241.000000,1.000000,2020-09-27T21:19:28.000+0000,eu-6061,AUTOLIV INC,3.000000
838757.000000,AUTOLIV INC SE,642241.000000,1.000000,2020-10-02T06:31:55.000+0000,eu-6061,AUTOLIV INC,4.000000
838757.000000,AUTOLIV INC SE,642241.000000,1.000000,2020-09-20T23:31:31.000+0000,eu-6061,AUTOLIV INC,5.000000
838757.000000,AUTOLIV INC SE,642241.000000,1.000000,2020-06-05T18:44:44.000+0000,eu-6061,AUTOLIV INC,6.000000
838757.000000,AUTOLIV INC SE,642241.000000,2.000000,2020-05-16T00:00:00.000+0000,eu-6061,AUTOLIV INC,7.000000
838757.000000,AUTOLIV INC SE,642241.000000,1.000000,2020-01-30T00:00:00.000+0000,eu-6061,AUTOLIV INC,8.000000
838757.000000,AUTOLIV INC SE,642241.000000,1.000000,2020-10-11T18:59:53.000+0000,eu-6061,AUTOLIV INC,9.000000
838757.000000,AUTOLIV INC SE,642241.000000,1.000000,2020-05-22T21:19:29.000+0000,eu-6061,AUTOLIV INC,10.000000
838757.000000,AUTOLIV INC SE,642241.000000,1.000000,2020-09-25T20:10:59.000+0000,eu-6061,AUTOLIV INC,11.000000
838757.000000,AUTOLIV INC SE,642241.000000,1.000000,2020-06-19T07:59:29.000+0000,eu-6061,AUTOLIV INC,12.000000
838757.000000,AUTOLIV INC SE,642241.000000,1.000000,2020-09-04T14:55:04.000+0000,eu-6061,AUTOLIV INC,13.000000
838757.000000,AUTOLIV INC SE,642241.000000,1.000000,2020-10-16T21:36:00.000+0000,eu-6061,AUTOLIV INC,14.000000
838757.000000,AUTOLIV INC SE,642241.000000,1.000000,2020-09-27T11:48:07.000+0000,eu-6061,AUTOLIV INC,15.000000
838757.000000,AUTOLIV INC SE,642241.000000,1.000000,2020-04-25T00:00:00.000+0000,eu-6061,AUTOLIV INC,16.000000
838757.000000,AUTOLIV INC SE,642241.000000,1.000000,2020-08-21T08:21:01.000+0000,eu-6061,AUTOLIV INC,17.000000
838757.000000,AUTOLIV INC SE,642241.000000,1.000000,2020-07-19T23:32:03.000+0000,eu-6061,AUTOLIV INC,18.000000
838757.000000,AUTOLIV INC SE,642241.000000,1.000000,2020-05-02T00:00:00.000+0000,eu-6061,AUTOLIV INC,19.000000
838757.000000,AUTOLIV INC SE,642241.000000,1.000000,2020-08-17T16:53:16.000+0000,eu-6061,AUTOLIV INC,20.000000
838757.000000,AUTOLIV INC SE,642241.000000,1.000000,2020-09-30T12:37:17.000+0000,eu-6061,AUTOLIV INC,21.000000
838757.000000,AUTOLIV INC SE,642241.000000,1.000000,2020-10-09T06:33:45.000+0000,eu-6061,AUTOLIV INC,22.000000
838757.000000,AUTOLIV INC SE,642241.000000,3.000000,2019-12-20T00:00:00.000+0000,eu-6061,AUTOLIV INC,23.000000
838757.000000,AUTOLIV INC SE,642241.000000,1.000000,2020-09-20T22:57:36.000+0000,eu-6061,AUTOLIV INC,24.000000
838757.000000,AUTOLIV INC SE,642241.000000,1.000000,2020-06-29T01:35:14.000+0000,eu-6061,AUTOLIV INC,25.000000
838757.000000,AUTOLIV INC SE,642241.000000,1.000000,2020-03-26T00:00:00.000+0000,eu-6061,AUTOLIV INC,26.000000
838757.000000,AUTOLIV INC SE,642241.000000,1.000000,2020-06-14T20:57:41.000+0000,eu-6061,AUTOLIV INC,27.000000
838757.000000,AUTOLIV INC SE,642241.000000,1.000000,2020-06-27T23:38:48.000+0000,eu-6061,AUTOLIV INC,28.000000
838757.000000,AUTOLIV INC SE,642241.000000,5.000000,2019-12-09T00:00:00.000+0000,eu-6061,AUTOLIV INC,29.000000
838757.000000,AUTOLIV INC SE,642241.000000,2.000000,2019-12-12T00:00:00.000+0000,eu-6061,AUTOLIV INC,30.000000
838757.000000,AUTOLIV INC SE,642241.000000,1.000000,2020-09-06T10:10:20.000+0000,eu-6061,AUTOLIV INC,31.000000
838757.000000,AUTOLIV INC SE,642241.000000,4.000000,2020-04-27T00:00:00.000+0000,eu-6061,AUTOLIV INC,32.000000
838757.000000,AUTOLIV INC SE,642241.000000,3.000000,2020-03-03T00:00:00.000+0000,eu-6061,AUTOLIV INC,33.000000
838757.000000,AUTOLIV INC SE,642241.000000,3.000000,2020-03-27T00:00:00.000+0000,eu-6061,AUTOLIV INC,34.000000
838757.000000,AUTOLIV INC SE,642241.000000,1.000000,2020-07-03T17:14:45.000+0000,eu-6061,AUTOLIV INC,35.000000
838757.000000,AUTOLIV INC SE,642241.000000,1.000000,2020-10-16T17:12:03.000+0000,eu-6061,AUTOLIV INC,36.000000
838757.000000,AUTOLIV INC SE,642241.000000,1.000000,2020-03-31T14:16:14.000+0000,eu-6061,AUTOLIV INC,37.000000
838757.000000,AUTOLIV INC SE,642241.000000,2.000000,2020-02-28T00:00:00.000+0000,eu-6061,AUTOLIV INC,38.000000
838757.000000,AUTOLIV INC SE,642241.000000,2.000000,2020-03-21T00:00:00.000+0000,eu-6061,AUTOLIV INC,39.000000
838757.000000,AUTOLIV INC SE,642241.000000,1.000000,2020-10-11T23:44:24.000+0000,eu-6061,AUTOLIV INC,40.000000
838757.000000,AUTOLIV INC SE,642241.000000,1.000000,2020-07-30T15:05:38.000+0000,eu-6061,AUTOLIV INC,41.000000
838757.000000,AUTOLIV INC SE,642241.000000,1.000000,2020-03-06T00:00:00.000+0000,eu-6061,AUTOLIV INC,42.000000
838757.000000,AUTOLIV INC SE,642241.000000,1.000000,2020-06-26T22:58:28.000+0000,eu-6061,AUTOLIV INC,43.000000
838757.000000,AUTOLIV INC SE,642241.000000,1.000000,2020-08-14T21:18:48.000+0000,eu-6061,AUTOLIV INC,44.000000
838757.000000,AUTOLIV INC SE,642241.000000,1.000000,2020-03-28T00:00:00.000+0000,eu-6061,AUTOLIV INC,45.000000
838757.000000,AUTOLIV INC SE,642241.000000,1.000000,2020-06-25T15:51:09.000+0000,eu-6061,AUTOLIV INC,46.000000
838757.000000,AUTOLIV INC SE,642241.000000,1.000000,2019-12-13T00:00:00.000+0000,eu-6061,AUTOLIV INC,47.000000
838757.000000,AUTOLIV INC SE,642241.000000,1.000000,2020-04-09T00:00:00.000+0000,eu-6061,AUTOLIV INC,48.000000
838757.000000,AUTOLIV INC SE,642241.000000,1.000000,2019-12-26T00:00:00.000+0000,eu-6061,AUTOLIV INC,49.000000
838757.000000,AUTOLIV INC SE,642241.000000,5.000000,2020-01-06T00:00:00.000+0000,eu-6061,AUTOLIV INC,50.000000
838757.000000,AUTOLIV INC SE,642241.000000,1.000000,2020-07-16T18:09:13.000+0000,eu-6061,AUTOLIV INC,51.000000
838757.000000,AUTOLIV INC SE,642241.000000,1.000000,2020-10-03T11:54:48.000+0000,eu-6061,AUTOLIV INC,52.000000
838757.000000,AUTOLIV INC SE,642241.000000,1.000000,2020-06-12T19:40:45.000+0000,eu-6061,AUTOLIV INC,53.000000
838757.000000,AUTOLIV INC SE,642241.000000,1.000000,2020-08-02T18:45:47.000+0000,eu-6061,AUTOLIV INC,54.000000
838757.000000,AUTOLIV INC SE,642241.000000,1.000000,2020-08-19T23:27:56.000+0000,eu-6061,AUTOLIV INC,55.000000
838757.000000,AUTOLIV INC SE,642241.000000,5.000000,2020-03-09T00:00:00.000+0000,eu-6061,AUTOLIV INC,56.000000
838757.000000,AUTOLIV INC SE,642241.000000,1.000000,2020-05-01T00:00:00.000+0000,eu-6061,AUTOLIV INC,57.000000
838757.000000,AUTOLIV INC SE,642241.000000,4.000000,2020-01-20T00:00:00.000+0000,eu-6061,AUTOLIV INC,58.000000
838757.000000,AUTOLIV INC SE,642241.000000,1.000000,2020-02-20T00:00:00.000+0000,eu-6061,AUTOLIV INC,59.000000
838757.000000,AUTOLIV INC SE,642241.000000,1.000000,2020-06-01T16:10:59.000+0000,eu-6061,AUTOLIV INC,60.000000
838757.000000,AUTOLIV INC SE,642241.000000,1.000000,2020-07-30T07:28:37.000+0000,eu-6061,AUTOLIV INC,61.000000
838757.000000,AUTOLIV INC SE,642241.000000,1.000000,2020-10-07T08:22:24.000+0000,eu-6061,AUTOLIV INC,62.000000
838757.000000,AUTOLIV INC SE,642241.000000,1.000000,2020-08-07T00:57:00.000+0000,eu-6061,AUTOLIV INC,63.000000
838757.000000,AUTOLIV INC SE,642241.000000,1.000000,2020-09-19T07:04:06.000+0000,eu-6061,AUTOLIV INC,64.000000
838757.000000,AUTOLIV INC SE,642241.000000,1.000000,2020-06-20T07:06:21.000+0000,eu-6061,AUTOLIV INC,65.000000
838757.000000,AUTOLIV INC SE,642241.000000,1.000000,2020-06-12T16:37:23.000+0000,eu-6061,AUTOLIV INC,66.000000
838757.000000,AUTOLIV INC SE,642241.000000,1.000000,2020-09-02T15:38:49.000+0000,eu-6061,AUTOLIV INC,67.000000
838757.000000,AUTOLIV INC SE,642241.000000,1.000000,2020-09-04T16:01:36.000+0000,eu-6061,AUTOLIV INC,68.000000
838757.000000,AUTOLIV INC SE,642241.000000,1.000000,2020-03-07T00:00:00.000+0000,eu-6061,AUTOLIV INC,69.000000
838757.000000,AUTOLIV INC SE,642241.000000,1.000000,2020-06-13T18:32:13.000+0000,eu-6061,AUTOLIV INC,70.000000
838757.000000,AUTOLIV INC SE,642241.000000,2.000000,2020-02-16T00:00:00.000+0000,eu-6061,AUTOLIV INC,71.000000
838757.000000,AUTOLIV INC SE,642241.000000,1.000000,2019-12-22T00:00:00.000+0000,eu-6061,AUTOLIV INC,72.000000
838757.000000,AUTOLIV INC SE,642241.000000,1.000000,2020-07-10T13:27:59.000+0000,eu-6061,AUTOLIV INC,73.000000
838757.000000,AUTOLIV INC SE,642241.000000,1.000000,2020-05-04T22:04:10.000+0000,eu-6061,AUTOLIV INC,74.000000
838757.000000,AUTOLIV INC SE,642241.000000,1.000000,2020-06-12T14:56:28.000+0000,eu-6061,AUTOLIV INC,75.000000
838757.000000,AUTOLIV INC SE,642241.000000,2.000000,2020-03-13T00:00:00.000+0000,eu-6061,AUTOLIV INC,76.000000
838757.000000,AUTOLIV INC SE,642241.000000,1.000000,2020-03-20T00:00:00.000+0000,eu-6061,AUTOLIV INC,77.000000
838757.000000,AUTOLIV INC SE,642241.000000,1.000000,2020-06-04T14:16:57.000+0000,eu-6061,AUTOLIV INC,78.000000
838757.000000,AUTOLIV INC SE,642241.000000,1.000000,2020-08-21T01:18:34.000+0000,eu-6061,AUTOLIV INC,79.000000
838757.000000,AUTOLIV INC SE,642241.000000,4.000000,2020-02-14T00:00:00.000+0000,eu-6061,AUTOLIV INC,80.000000
838757.000000,AUTOLIV INC SE,642241.000000,1.000000,2020-07-17T13:08:53.000+0000,eu-6061,AUTOLIV INC,81.000000
838757.000000,AUTOLIV INC SE,642241.000000,1.000000,2020-06-04T12:30:09.000+0000,eu-6061,AUTOLIV INC,82.000000
838757.000000,AUTOLIV INC SE,642241.000000,1.000000,2020-09-10T15:50:59.000+0000,eu-6061,AUTOLIV INC,83.000000
838757.000000,AUTOLIV INC SE,642241.000000,1.000000,2020-06-02T21:25:15.000+0000,eu-6061,AUTOLIV INC,84.000000
838757.000000,AUTOLIV INC SE,642241.000000,1.000000,2020-10-04T23:45:55.000+0000,eu-6061,AUTOLIV INC,85.000000
838757.000000,AUTOLIV INC SE,642241.000000,1.000000,2020-07-16T20:56:42.000+0000,eu-6061,AUTOLIV INC,86.000000
838757.000000,AUTOLIV INC SE,642241.000000,1.000000,2020-09-23T18:17:37.000+0000,eu-6061,AUTOLIV INC,87.000000
838757.000000,AUTOLIV INC SE,642241.000000,2.000000,2020-04-29T00:00:00.000+0000,eu-6061,AUTOLIV INC,88.000000
838757.000000,AUTOLIV INC SE,642241.000000,1.000000,2020-07-09T14:49:47.000+0000,eu-6061,AUTOLIV INC,89.000000
838757.000000,AUTOLIV INC SE,642241.000000,1.000000,2020-04-29T20:03:13.000+0000,eu-6061,AUTOLIV INC,90.000000
838757.000000,AUTOLIV INC SE,642241.000000,1.000000,2020-01-05T00:00:00.000+0000,eu-6061,AUTOLIV INC,91.000000
838757.000000,AUTOLIV INC SE,642241.000000,1.000000,2020-06-03T17:42:12.000+0000,eu-6061,AUTOLIV INC,92.000000
838757.000000,AUTOLIV INC SE,642241.000000,1.000000,2020-07-15T14:25:43.000+0000,eu-6061,AUTOLIV INC,93.000000
838757.000000,AUTOLIV INC SE,642241.000000,1.000000,2020-01-14T00:00:00.000+0000,eu-6061,AUTOLIV INC,94.000000
838757.000000,AUTOLIV INC SE,642241.000000,1.000000,2020-09-29T14:58:33.000+0000,eu-6061,AUTOLIV INC,95.000000
838757.000000,AUTOLIV INC SE,642241.000000,1.000000,2020-08-16T07:05:59.000+0000,eu-6061,AUTOLIV INC,96.000000
838757.000000,AUTOLIV INC SE,642241.000000,1.000000,2020-09-13T07:06:46.000+0000,eu-6061,AUTOLIV INC,97.000000
838757.000000,AUTOLIV INC SE,642241.000000,1.000000,2020-01-09T00:00:00.000+0000,eu-6061,AUTOLIV INC,98.000000
838757.000000,AUTOLIV INC SE,642241.000000,5.000000,2020-03-23T00:00:00.000+0000,eu-6061,AUTOLIV INC,99.000000
838757.000000,AUTOLIV INC SE,642241.000000,1.000000,2020-07-16T10:53:51.000+0000,eu-6061,AUTOLIV INC,100.000000
838757.000000,AUTOLIV INC SE,642241.000000,1.000000,2020-09-25T03:59:09.000+0000,eu-6061,AUTOLIV INC,101.000000
838757.000000,AUTOLIV INC SE,642241.000000,1.000000,2020-05-25T07:04:29.000+0000,eu-6061,AUTOLIV INC,102.000000
838757.000000,AUTOLIV INC SE,642241.000000,1.000000,2020-10-16T20:59:41.000+0000,eu-6061,AUTOLIV INC,103.000000
838757.000000,AUTOLIV INC SE,642241.000000,1.000000,2020-01-26T00:00:00.000+0000,eu-6061,AUTOLIV INC,104.000000
838757.000000,AUTOLIV INC SE,642241.000000,1.000000,2020-10-02T19:20:13.000+0000,eu-6061,AUTOLIV INC,105.000000
838757.000000,AUTOLIV INC SE,642241.000000,1.000000,2020-05-31T07:03:50.000+0000,eu-6061,AUTOLIV INC,106.000000
838757.000000,AUTOLIV INC SE,642241.000000,1.000000,2020-07-15T14:31:06.000+0000,eu-6061,AUTOLIV INC,107.000000
838757.000000,AUTOLIV INC SE,642241.000000,1.000000,2020-08-14T22:20:35.000+0000,eu-6061,AUTOLIV INC,108.000000
838757.000000,AUTOLIV INC SE,642241.000000,1.000000,2020-06-19T20:23:41.000+0000,eu-6061,AUTOLIV INC,109.000000
838757.000000,AUTOLIV INC SE,642241.000000,1.000000,2020-09-26T21:10:35.000+0000,eu-6061,AUTOLIV INC,110.000000
838757.000000,AUTOLIV INC SE,642241.000000,1.000000,2020-05-26T12:24:07.000+0000,eu-6061,AUTOLIV INC,111.000000
838757.000000,AUTOLIV INC SE,642241.000000,4.000000,2020-01-13T00:00:00.000+0000,eu-6061,AUTOLIV INC,112.000000
838757.000000,AUTOLIV INC SE,642241.000000,1.000000,2020-09-11T07:03:12.000+0000,eu-6061,AUTOLIV INC,113.000000
838757.000000,AUTOLIV INC SE,642241.000000,1.000000,2020-04-17T00:00:00.000+0000,eu-6061,AUTOLIV INC,114.000000
838757.000000,AUTOLIV INC SE,642241.000000,1.000000,2020-02-19T00:00:00.000+0000,eu-6061,AUTOLIV INC,115.000000
838757.000000,AUTOLIV INC SE,642241.000000,1.000000,2020-09-04T16:35:53.000+0000,eu-6061,AUTOLIV INC,116.000000
838757.000000,AUTOLIV INC SE,642241.000000,1.000000,2020-07-22T07:27:40.000+0000,eu-6061,AUTOLIV INC,117.000000
838757.000000,AUTOLIV INC SE,642241.000000,4.000000,2020-05-11T00:00:00.000+0000,eu-6061,AUTOLIV INC,118.000000
838757.000000,AUTOLIV INC SE,642241.000000,1.000000,2020-04-10T00:00:00.000+0000,eu-6061,AUTOLIV INC,119.000000
838757.000000,AUTOLIV INC SE,642241.000000,1.000000,2020-05-24T07:54:31.000+0000,eu-6061,AUTOLIV INC,120.000000
838757.000000,AUTOLIV INC SE,642241.000000,1.000000,2020-09-11T16:57:13.000+0000,eu-6061,AUTOLIV INC,121.000000
838757.000000,AUTOLIV INC SE,642241.000000,1.000000,2020-05-07T00:00:00.000+0000,eu-6061,AUTOLIV INC,122.000000
838757.000000,AUTOLIV INC SE,642241.000000,1.000000,2020-10-08T22:12:18.000+0000,eu-6061,AUTOLIV INC,123.000000
838757.000000,AUTOLIV INC SE,642241.000000,1.000000,2020-01-04T00:00:00.000+0000,eu-6061,AUTOLIV INC,124.000000
838757.000000,AUTOLIV INC SE,642241.000000,1.000000,2020-07-03T13:06:34.000+0000,eu-6061,AUTOLIV INC,125.000000
838757.000000,AUTOLIV INC SE,642241.000000,1.000000,2020-10-18T00:57:15.000+0000,eu-6061,AUTOLIV INC,126.000000
838757.000000,AUTOLIV INC SE,642241.000000,1.000000,2020-09-15T16:39:14.000+0000,eu-6061,AUTOLIV INC,127.000000
838757.000000,AUTOLIV INC SE,642241.000000,1.000000,2020-07-26T07:13:26.000+0000,eu-6061,AUTOLIV INC,128.000000
838757.000000,AUTOLIV INC SE,642241.000000,1.000000,2020-06-13T01:27:31.000+0000,eu-6061,AUTOLIV INC,129.000000
838757.000000,AUTOLIV INC SE,642241.000000,1.000000,2020-05-25T11:23:06.000+0000,eu-6061,AUTOLIV INC,130.000000
838757.000000,AUTOLIV INC SE,642241.000000,1.000000,2020-08-14T18:56:09.000+0000,eu-6061,AUTOLIV INC,131.000000
838757.000000,AUTOLIV INC SE,642241.000000,1.000000,2020-08-07T19:09:46.000+0000,eu-6061,AUTOLIV INC,132.000000
838757.000000,AUTOLIV INC SE,642241.000000,1.000000,2020-07-02T15:52:19.000+0000,eu-6061,AUTOLIV INC,133.000000
838757.000000,AUTOLIV INC SE,642241.000000,1.000000,2020-07-10T08:12:13.000+0000,eu-6061,AUTOLIV INC,134.000000
838757.000000,AUTOLIV INC SE,642241.000000,4.000000,2019-12-16T00:00:00.000+0000,eu-6061,AUTOLIV INC,135.000000
838757.000000,AUTOLIV INC SE,642241.000000,1.000000,2020-07-30T08:29:58.000+0000,eu-6061,AUTOLIV INC,136.000000
838757.000000,AUTOLIV INC SE,642241.000000,1.000000,2020-06-21T14:06:06.000+0000,eu-6061,AUTOLIV INC,137.000000
838757.000000,AUTOLIV INC SE,642241.000000,1.000000,2020-08-26T19:49:52.000+0000,eu-6061,AUTOLIV INC,138.000000
838757.000000,AUTOLIV INC SE,642241.000000,2.000000,2020-01-24T00:00:00.000+0000,eu-6061,AUTOLIV INC,139.000000
838757.000000,AUTOLIV INC SE,642241.000000,2.000000,2020-01-25T00:00:00.000+0000,eu-6061,AUTOLIV INC,140.000000
838757.000000,AUTOLIV INC SE,642241.000000,1.000000,2020-09-30T14:43:31.000+0000,eu-6061,AUTOLIV INC,141.000000
838757.000000,AUTOLIV INC SE,642241.000000,1.000000,2020-06-05T09:00:51.000+0000,eu-6061,AUTOLIV INC,142.000000
838757.000000,AUTOLIV INC SE,642241.000000,1.000000,2020-10-10T02:00:42.000+0000,eu-6061,AUTOLIV INC,143.000000
838757.000000,AUTOLIV INC SE,642241.000000,1.000000,2020-08-04T14:40:51.000+0000,eu-6061,AUTOLIV INC,144.000000
838757.000000,AUTOLIV INC SE,642241.000000,1.000000,2020-05-13T00:00:00.000+0000,eu-6061,AUTOLIV INC,145.000000
838757.000000,AUTOLIV INC SE,642241.000000,2.000000,2019-12-21T00:00:00.000+0000,eu-6061,AUTOLIV INC,146.000000
838757.000000,AUTOLIV INC SE,642241.000000,1.000000,2020-06-05T16:26:40.000+0000,eu-6061,AUTOLIV INC,147.000000
838757.000000,AUTOLIV INC SE,642241.000000,1.000000,2020-08-22T18:57:22.000+0000,eu-6061,AUTOLIV INC,148.000000
838757.000000,AUTOLIV INC SE,642241.000000,1.000000,2020-06-28T03:30:26.000+0000,eu-6061,AUTOLIV INC,149.000000
838757.000000,AUTOLIV INC SE,642241.000000,1.000000,2020-01-12T00:00:00.000+0000,eu-6061,AUTOLIV INC,150.000000
838757.000000,AUTOLIV INC SE,642241.000000,1.000000,2020-06-05T04:16:25.000+0000,eu-6061,AUTOLIV INC,151.000000
838757.000000,AUTOLIV INC SE,642241.000000,1.000000,2020-10-16T14:12:02.000+0000,eu-6061,AUTOLIV INC,152.000000
838757.000000,AUTOLIV INC SE,642241.000000,1.000000,2020-06-21T19:28:11.000+0000,eu-6061,AUTOLIV INC,153.000000
838757.000000,AUTOLIV INC SE,642241.000000,1.000000,2020-07-20T15:59:03.000+0000,eu-6061,AUTOLIV INC,154.000000
838757.000000,AUTOLIV INC SE,642241.000000,1.000000,2020-01-18T00:00:00.000+0000,eu-6061,AUTOLIV INC,155.000000
838757.000000,AUTOLIV INC SE,642241.000000,1.000000,2020-07-30T23:28:25.000+0000,eu-6061,AUTOLIV INC,156.000000
838757.000000,AUTOLIV INC SE,642241.000000,1.000000,2020-08-23T18:30:38.000+0000,eu-6061,AUTOLIV INC,157.000000
838757.000000,AUTOLIV INC SE,642241.000000,1.000000,2019-12-06T00:00:00.000+0000,eu-6061,AUTOLIV INC,158.000000
838757.000000,AUTOLIV INC SE,642241.000000,1.000000,2020-07-10T19:02:13.000+0000,eu-6061,AUTOLIV INC,159.000000
838757.000000,AUTOLIV INC SE,642241.000000,1.000000,2020-04-01T00:00:00.000+0000,eu-6061,AUTOLIV INC,160.000000
838757.000000,AUTOLIV INC SE,642241.000000,6.000000,2020-03-16T00:00:00.000+0000,eu-6061,AUTOLIV INC,161.000000
838757.000000,AUTOLIV INC SE,642241.000000,2.000000,2020-01-16T00:00:00.000+0000,eu-6061,AUTOLIV INC,162.000000
838757.000000,AUTOLIV INC SE,642241.000000,1.000000,2020-08-18T20:04:55.000+0000,eu-6061,AUTOLIV INC,163.000000
838757.000000,AUTOLIV INC SE,642241.000000,4.000000,2020-04-13T00:00:00.000+0000,eu-6061,AUTOLIV INC,164.000000
838757.000000,AUTOLIV INC SE,642241.000000,1.000000,2020-05-25T21:06:54.000+0000,eu-6061,AUTOLIV INC,165.000000
838757.000000,AUTOLIV INC SE,642241.000000,1.000000,2020-05-25T12:09:00.000+0000,eu-6061,AUTOLIV INC,166.000000
838757.000000,AUTOLIV INC SE,642241.000000,1.000000,2020-07-24T13:51:26.000+0000,eu-6061,AUTOLIV INC,167.000000
838757.000000,AUTOLIV INC SE,642241.000000,1.000000,2020-01-17T00:00:00.000+0000,eu-6061,AUTOLIV INC,168.000000
838757.000000,AUTOLIV INC SE,642241.000000,1.000000,2020-05-03T00:00:00.000+0000,eu-6061,AUTOLIV INC,169.000000
838757.000000,AUTOLIV INC SE,642241.000000,1.000000,2020-09-25T21:19:30.000+0000,eu-6061,AUTOLIV INC,170.000000
838757.000000,AUTOLIV INC SE,642241.000000,1.000000,2020-10-01T17:36:40.000+0000,eu-6061,AUTOLIV INC,171.000000
838757.000000,AUTOLIV INC SE,642241.000000,1.000000,2020-06-01T16:24:12.000+0000,eu-6061,AUTOLIV INC,172.000000
838757.000000,AUTOLIV INC SE,642241.000000,1.000000,2020-06-20T16:15:09.000+0000,eu-6061,AUTOLIV INC,173.000000
838757.000000,AUTOLIV INC SE,642241.000000,1.000000,2020-07-12T15:23:22.000+0000,eu-6061,AUTOLIV INC,174.000000
838757.000000,AUTOLIV INC SE,642241.000000,2.000000,2020-04-12T00:00:00.000+0000,eu-6061,AUTOLIV INC,175.000000
838757.000000,AUTOLIV INC SE,642241.000000,1.000000,2020-06-18T17:32:45.000+0000,eu-6061,AUTOLIV INC,176.000000
838757.000000,AUTOLIV INC SE,642241.000000,1.000000,2020-09-25T16:02:17.000+0000,eu-6061,AUTOLIV INC,177.000000
838757.000000,AUTOLIV INC SE,642241.000000,1.000000,2019-12-18T00:00:00.000+0000,eu-6061,AUTOLIV INC,178.000000
838757.000000,AUTOLIV INC SE,642241.000000,1.000000,2020-04-30T00:00:00.000+0000,eu-6061,AUTOLIV INC,179.000000
838757.000000,AUTOLIV INC SE,642241.000000,1.000000,2020-06-18T11:10:14.000+0000,eu-6061,AUTOLIV INC,180.000000
838757.000000,AUTOLIV INC SE,642241.000000,1.000000,2020-08-03T21:28:21.000+0000,eu-6061,AUTOLIV INC,181.000000
838757.000000,AUTOLIV INC SE,642241.000000,1.000000,2020-07-09T17:49:08.000+0000,eu-6061,AUTOLIV INC,182.000000
838757.000000,AUTOLIV INC SE,642241.000000,1.000000,2020-06-19T20:27:48.000+0000,eu-6061,AUTOLIV INC,183.000000
838757.000000,AUTOLIV INC SE,642241.000000,1.000000,2020-07-19T07:22:26.000+0000,eu-6061,AUTOLIV INC,184.000000
838757.000000,AUTOLIV INC SE,642241.000000,1.000000,2020-07-24T09:28:42.000+0000,eu-6061,AUTOLIV INC,185.000000
838757.000000,AUTOLIV INC SE,642241.000000,1.000000,2020-10-18T17:42:19.000+0000,eu-6061,AUTOLIV INC,186.000000
838757.000000,AUTOLIV INC SE,642241.000000,3.000000,2020-02-24T00:00:00.000+0000,eu-6061,AUTOLIV INC,187.000000
838757.000000,AUTOLIV INC SE,642241.000000,1.000000,2020-09-03T19:02:12.000+0000,eu-6061,AUTOLIV INC,188.000000
838757.000000,AUTOLIV INC SE,642241.000000,1.000000,2020-06-03T16:10:51.000+0000,eu-6061,AUTOLIV INC,189.000000
838757.000000,AUTOLIV INC SE,642241.000000,1.000000,2020-05-11T17:52:26.000+0000,eu-6061,AUTOLIV INC,190.000000
838757.000000,AUTOLIV INC SE,642241.000000,1.000000,2020-08-28T13:34:22.000+0000,eu-6061,AUTOLIV INC,191.000000
838757.000000,AUTOLIV INC SE,642241.000000,1.000000,2020-08-26T09:52:34.000+0000,eu-6061,AUTOLIV INC,192.000000
838757.000000,AUTOLIV INC SE,642241.000000,1.000000,2020-06-01T20:43:37.000+0000,eu-6061,AUTOLIV INC,193.000000
838757.000000,AUTOLIV INC SE,642241.000000,1.000000,2020-09-13T18:20:29.000+0000,eu-6061,AUTOLIV INC,194.000000
838757.000000,AUTOLIV INC SE,642241.000000,4.000000,2020-02-17T00:00:00.000+0000,eu-6061,AUTOLIV INC,195.000000
838757.000000,AUTOLIV INC SE,642241.000000,5.000000,2020-02-10T00:00:00.000+0000,eu-6061,AUTOLIV INC,196.000000
838757.000000,AUTOLIV INC SE,642241.000000,4.000000,2020-05-04T00:00:00.000+0000,eu-6061,AUTOLIV INC,197.000000
838757.000000,AUTOLIV INC SE,642241.000000,1.000000,2020-06-05T23:12:16.000+0000,eu-6061,AUTOLIV INC,198.000000
838757.000000,AUTOLIV INC SE,642241.000000,1.000000,2020-05-30T00:12:41.000+0000,eu-6061,AUTOLIV INC,199.000000
838757.000000,AUTOLIV INC SE,642241.000000,1.000000,2020-07-04T16:29:34.000+0000,eu-6061,AUTOLIV INC,200.000000
838757.000000,AUTOLIV INC SE,642241.000000,2.000000,2020-01-31T00:00:00.000+0000,eu-6061,AUTOLIV INC,201.000000
838757.000000,AUTOLIV INC SE,642241.000000,1.000000,2020-04-24T00:00:00.000+0000,eu-6061,AUTOLIV INC,202.000000
838757.000000,AUTOLIV INC SE,642241.000000,1.000000,2020-07-10T21:13:09.000+0000,eu-6061,AUTOLIV INC,203.000000
838757.000000,AUTOLIV INC SE,642241.000000,1.000000,2020-06-14T07:03:16.000+0000,eu-6061,AUTOLIV INC,204.000000
838757.000000,AUTOLIV INC SE,642241.000000,1.000000,2020-06-01T04:49:15.000+0000,eu-6061,AUTOLIV INC,205.000000
838757.000000,AUTOLIV INC SE,642241.000000,1.000000,2020-06-19T22:43:02.000+0000,eu-6061,AUTOLIV INC,206.000000
838757.000000,AUTOLIV INC SE,642241.000000,2.000000,2020-03-12T00:00:00.000+0000,eu-6061,AUTOLIV INC,207.000000
838757.000000,AUTOLIV INC SE,642241.000000,1.000000,2020-10-18T07:05:12.000+0000,eu-6061,AUTOLIV INC,208.000000
838757.000000,AUTOLIV INC SE,642241.000000,1.000000,2020-09-05T04:40:31.000+0000,eu-6061,AUTOLIV INC,209.000000
838757.000000,AUTOLIV INC SE,642241.000000,1.000000,2020-08-29T21:20:40.000+0000,eu-6061,AUTOLIV INC,210.000000
838757.000000,AUTOLIV INC SE,642241.000000,1.000000,2020-06-26T16:26:54.000+0000,eu-6061,AUTOLIV INC,211.000000
838757.000000,AUTOLIV INC SE,642241.000000,1.000000,2020-05-25T20:18:27.000+0000,eu-6061,AUTOLIV INC,212.000000
838757.000000,AUTOLIV INC SE,642241.000000,1.000000,2020-01-10T00:00:00.000+0000,eu-6061,AUTOLIV INC,213.000000
838757.000000,AUTOLIV INC SE,642241.000000,1.000000,2020-08-30T18:36:27.000+0000,eu-6061,AUTOLIV INC,214.000000
838757.000000,AUTOLIV INC SE,642241.000000,1.000000,2020-08-14T13:46:25.000+0000,eu-6061,AUTOLIV INC,215.000000
838757.000000,AUTOLIV INC SE,642241.000000,1.000000,2020-05-29T14:19:10.000+0000,eu-6061,AUTOLIV INC,216.000000
838757.000000,AUTOLIV INC SE,642241.000000,1.000000,2020-08-02T10:02:20.000+0000,eu-6061,AUTOLIV INC,217.000000
838757.000000,AUTOLIV INC SE,642241.000000,1.000000,2020-10-03T23:33:59.000+0000,eu-6061,AUTOLIV INC,218.000000
838757.000000,AUTOLIV INC SE,642241.000000,1.000000,2020-09-11T04:06:53.000+0000,eu-6061,AUTOLIV INC,219.000000
838757.000000,AUTOLIV INC SE,642241.000000,1.000000,2020-08-14T13:11:54.000+0000,eu-6061,AUTOLIV INC,220.000000
838757.000000,AUTOLIV INC SE,642241.000000,1.000000,2020-08-30T07:13:14.000+0000,eu-6061,AUTOLIV INC,221.000000
838757.000000,AUTOLIV INC SE,642241.000000,1.000000,2020-05-20T07:04:09.000+0000,eu-6061,AUTOLIV INC,222.000000
838757.000000,AUTOLIV INC SE,642241.000000,1.000000,2020-07-05T11:28:22.000+0000,eu-6061,AUTOLIV INC,223.000000
838757.000000,AUTOLIV INC SE,642241.000000,1.000000,2020-07-31T13:01:54.000+0000,eu-6061,AUTOLIV INC,224.000000
838757.000000,AUTOLIV INC SE,642241.000000,1.000000,2020-09-25T09:00:03.000+0000,eu-6061,AUTOLIV INC,225.000000
838757.000000,AUTOLIV INC SE,642241.000000,1.000000,2020-07-15T14:19:59.000+0000,eu-6061,AUTOLIV INC,226.000000
838757.000000,AUTOLIV INC SE,642241.000000,1.000000,2020-09-08T21:36:24.000+0000,eu-6061,AUTOLIV INC,227.000000
838757.000000,AUTOLIV INC SE,642241.000000,1.000000,2020-04-18T00:00:00.000+0000,eu-6061,AUTOLIV INC,228.000000
838757.000000,AUTOLIV INC SE,642241.000000,3.000000,2020-05-10T00:00:00.000+0000,eu-6061,AUTOLIV INC,229.000000
838757.000000,AUTOLIV INC SE,642241.000000,1.000000,2020-09-17T21:20:00.000+0000,eu-6061,AUTOLIV INC,230.000000
838757.000000,AUTOLIV INC SE,642241.000000,1.000000,2020-07-17T07:10:40.000+0000,eu-6061,AUTOLIV INC,231.000000
838757.000000,AUTOLIV INC SE,642241.000000,1.000000,2019-12-14T00:00:00.000+0000,eu-6061,AUTOLIV INC,232.000000
838757.000000,AUTOLIV INC SE,642241.000000,1.000000,2020-10-17T10:31:20.000+0000,eu-6061,AUTOLIV INC,233.000000
838757.000000,AUTOLIV INC SE,642241.000000,1.000000,2020-09-03T13:38:02.000+0000,eu-6061,AUTOLIV INC,234.000000
838757.000000,AUTOLIV INC SE,642241.000000,1.000000,2020-03-31T00:00:00.000+0000,eu-6061,AUTOLIV INC,235.000000
838757.000000,AUTOLIV INC SE,642241.000000,2.000000,2020-03-01T00:00:00.000+0000,eu-6061,AUTOLIV INC,236.000000
838757.000000,AUTOLIV INC SE,642241.000000,1.000000,2020-02-02T00:00:00.000+0000,eu-6061,AUTOLIV INC,237.000000
838757.000000,AUTOLIV INC SE,642241.000000,1.000000,2020-06-26T23:28:24.000+0000,eu-6061,AUTOLIV INC,238.000000
838757.000000,AUTOLIV INC SE,642241.000000,1.000000,2020-05-13T14:59:52.000+0000,eu-6061,AUTOLIV INC,239.000000
838757.000000,AUTOLIV INC SE,642241.000000,1.000000,2020-10-14T07:34:36.000+0000,eu-6061,AUTOLIV INC,240.000000
838757.000000,AUTOLIV INC SE,642241.000000,1.000000,2020-07-23T23:27:46.000+0000,eu-6061,AUTOLIV INC,241.000000
838757.000000,AUTOLIV INC SE,642241.000000,1.000000,2020-10-05T12:28:57.000+0000,eu-6061,AUTOLIV INC,242.000000
838757.000000,AUTOLIV INC SE,642241.000000,1.000000,2020-10-02T21:35:31.000+0000,eu-6061,AUTOLIV INC,243.000000
838757.000000,AUTOLIV INC SE,642241.000000,2.000000,2020-02-21T00:00:00.000+0000,eu-6061,AUTOLIV INC,244.000000
838757.000000,AUTOLIV INC SE,642241.000000,1.000000,2020-01-29T00:00:00.000+0000,eu-6061,AUTOLIV INC,245.000000
838757.000000,AUTOLIV INC SE,642241.000000,1.000000,2020-09-30T02:53:54.000+0000,eu-6061,AUTOLIV INC,246.000000
838757.000000,AUTOLIV INC SE,642241.000000,1.000000,2020-08-07T17:09:19.000+0000,eu-6061,AUTOLIV INC,247.000000
838757.000000,AUTOLIV INC SE,642241.000000,1.000000,2020-03-05T00:00:00.000+0000,eu-6061,AUTOLIV INC,248.000000
838757.000000,AUTOLIV INC SE,642241.000000,1.000000,2020-09-09T11:26:47.000+0000,eu-6061,AUTOLIV INC,249.000000
838757.000000,AUTOLIV INC SE,642241.000000,3.000000,2020-02-03T00:00:00.000+0000,eu-6061,AUTOLIV INC,250.000000
838757.000000,AUTOLIV INC SE,642241.000000,5.000000,2020-01-27T00:00:00.000+0000,eu-6061,AUTOLIV INC,251.000000
838757.000000,AUTOLIV INC SE,642241.000000,6.000000,2020-04-20T00:00:00.000+0000,eu-6061,AUTOLIV INC,252.000000
838757.000000,AUTOLIV INC SE,642241.000000,2.000000,2020-02-22T00:00:00.000+0000,eu-6061,AUTOLIV INC,253.000000
838757.000000,AUTOLIV INC SE,642241.000000,1.000000,2020-08-21T16:21:30.000+0000,eu-6061,AUTOLIV INC,254.000000
838757.000000,AUTOLIV INC SE,642241.000000,1.000000,2020-06-26T14:19:28.000+0000,eu-6061,AUTOLIV INC,255.000000
838757.000000,AUTOLIV INC SE,642241.000000,1.000000,2019-12-04T00:00:00.000+0000,eu-6061,AUTOLIV INC,256.000000
838757.000000,AUTOLIV INC SE,642241.000000,1.000000,2020-05-28T16:48:54.000+0000,eu-6061,AUTOLIV INC,257.000000
838757.000000,AUTOLIV INC SE,642241.000000,1.000000,2020-07-22T19:11:35.000+0000,eu-6061,AUTOLIV INC,258.000000
838757.000000,AUTOLIV INC SE,642241.000000,5.000000,2020-03-30T00:00:00.000+0000,eu-6061,AUTOLIV INC,259.000000
838757.000000,AUTOLIV INC SE,642241.000000,1.000000,2020-01-11T00:00:00.000+0000,eu-6061,AUTOLIV INC,260.000000
838757.000000,AUTOLIV INC SE,642241.000000,6.000000,2020-03-02T00:00:00.000+0000,eu-6061,AUTOLIV INC,261.000000
838757.000000,AUTOLIV INC SE,642241.000000,1.000000,2020-07-08T18:42:14.000+0000,eu-6061,AUTOLIV INC,262.000000
838757.000000,AUTOLIV INC SE,642241.000000,1.000000,2020-06-12T07:04:41.000+0000,eu-6061,AUTOLIV INC,263.000000
838757.000000,AUTOLIV INC SE,642241.000000,3.000000,2020-04-06T00:00:00.000+0000,eu-6061,AUTOLIV INC,264.000000
838757.000000,AUTOLIV INC SE,642241.000000,1.000000,2020-01-03T00:00:00.000+0000,eu-6061,AUTOLIV INC,265.000000
838757.000000,AUTOLIV INC SE,642241.000000,1.000000,2020-07-24T19:17:54.000+0000,eu-6061,AUTOLIV INC,266.000000
838757.000000,AUTOLIV INC SE,642241.000000,1.000000,2020-10-04T18:37:10.000+0000,eu-6061,AUTOLIV INC,267.000000
838757.000000,AUTOLIV INC SE,642241.000000,1.000000,2020-06-28T06:58:48.000+0000,eu-6061,AUTOLIV INC,268.000000
838757.000000,AUTOLIV INC SE,642241.000000,1.000000,2020-05-25T15:17:46.000+0000,eu-6061,AUTOLIV INC,269.000000
838757.000000,AUTOLIV INC SE,642241.000000,1.000000,2020-08-04T14:00:27.000+0000,eu-6061,AUTOLIV INC,270.000000
838757.000000,AUTOLIV INC SE,642241.000000,2.000000,2020-02-09T00:00:00.000+0000,eu-6061,AUTOLIV INC,271.000000
838757.000000,AUTOLIV INC SE,642241.000000,1.000000,2020-07-17T16:29:15.000+0000,eu-6061,AUTOLIV INC,272.000000
838757.000000,AUTOLIV INC SE,642241.000000,1.000000,2020-04-04T00:00:00.000+0000,eu-6061,AUTOLIV INC,273.000000
838757.000000,AUTOLIV INC SE,642241.000000,1.000000,2020-07-04T22:34:21.000+0000,eu-6061,AUTOLIV INC,274.000000
838757.000000,AUTOLIV INC SE,642241.000000,1.000000,2020-08-27T08:29:31.000+0000,eu-6061,AUTOLIV INC,275.000000
838757.000000,AUTOLIV INC SE,642241.000000,1.000000,2020-03-25T00:00:00.000+0000,eu-6061,AUTOLIV INC,276.000000
838757.000000,AUTOLIV INC SE,642241.000000,1.000000,2020-02-07T00:00:00.000+0000,eu-6061,AUTOLIV INC,277.000000
838757.000000,AUTOLIV INC SE,642241.000000,1.000000,2020-10-14T15:59:58.000+0000,eu-6061,AUTOLIV INC,278.000000
838757.000000,AUTOLIV INC SE,642241.000000,1.000000,2020-05-05T00:00:00.000+0000,eu-6061,AUTOLIV INC,279.000000
838757.000000,AUTOLIV INC SE,642241.000000,6.000000,2020-05-18T00:00:00.000+0000,eu-6061,AUTOLIV INC,280.000000
838757.000000,AUTOLIV INC SE,642241.000000,1.000000,2020-05-29T19:01:26.000+0000,eu-6061,AUTOLIV INC,281.000000
838757.000000,AUTOLIV INC SE,642241.000000,2.000000,2019-12-07T00:00:00.000+0000,eu-6061,AUTOLIV INC,282.000000
838757.000000,AUTOLIV INC SE,642241.000000,1.000000,2019-12-23T00:00:00.000+0000,eu-6061,AUTOLIV INC,283.000000
838757.000000,AUTOLIV INC SE,642241.000000,1.000000,2020-07-08T19:33:27.000+0000,eu-6061,AUTOLIV INC,284.000000
838757.000000,AUTOLIV INC SE,642241.000000,1.000000,2020-07-08T18:48:20.000+0000,eu-6061,AUTOLIV INC,285.000000
838757.000000,AUTOLIV INC SE,642241.000000,1.000000,2020-10-10T10:21:30.000+0000,eu-6061,AUTOLIV INC,286.000000
838757.000000,AUTOLIV INC SE,642241.000000,1.000000,2020-09-20T10:06:12.000+0000,eu-6061,AUTOLIV INC,287.000000
